kit_id,transect_location,latitude,longitude,evt_value,point_ecological_system_name,vegetation_lifeform,vegetation_physiognomy,vegetation_group,dominant_vegetation_cover_type,vegetation_order,vegetation_class,vegetation_subclass,new_evt_value,second_new_evt_value,surrounding_ecological_system_name,another_surr_ecological_system_name
K001,Water,41.6228,-83.2362,7518,North-Central Interior Wet Flatwoods,Tree,Riparian,Hardwood Flatwoods,SAF 65: Pin Oak-Sweetgum,Tree-dominated,Open tree canopy,Deciduous open tree canopy,NA,NA,NA,NA
K001,Sediment,41.6228,-83.2362,7518,North-Central Interior Wet Flatwoods,Tree,Riparian,Hardwood Flatwoods,SAF 65: Pin Oak-Sweetgum,Tree-dominated,Open tree canopy,Deciduous open tree canopy,NA,NA,NA,NA
K001,Wetland,41.62182,-83.23883,9318,Northern & Central Ruderal Wet Meadow & Marsh,Herb,Riparian,Introduced Herbaceous Wetland Vegetation,LF 59: Introduced Herbaceous Wetland and Riparian Vegetation,Herbaceous / Nonvascular-dominated,Herbaceous - grassland,Perennial graminoid grassland,NA,NA,NA,NA
K001,Transition,41.62186,-83.23813,7518,North-Central Interior Wet Flatwoods,Tree,Riparian,Hardwood Flatwoods,SAF 65: Pin Oak-Sweetgum,Tree-dominated,Open tree canopy,Deciduous open tree canopy,NA,NA,NA,NA
K001,Upland,41.61511,-83.22979,7518,North-Central Interior Wet Flatwoods,Tree,Riparian,Hardwood Flatwoods,SAF 65: Pin Oak-Sweetgum,Tree-dominated,Open tree canopy,Deciduous open tree canopy,NA,NA,NA,NA
K004,Water,41.502,-83.0435,9318,Northern & Central Ruderal Wet Meadow & Marsh,Herb,Riparian,Introduced Herbaceous Wetland Vegetation,LF 59: Introduced Herbaceous Wetland and Riparian Vegetation,Herbaceous / Nonvascular-dominated,Herbaceous - grassland,Perennial graminoid grassland,NA,NA,NA,NA
K004,Sediment,41.502,-83.0435,9318,Northern & Central Ruderal Wet Meadow & Marsh,Herb,Riparian,Introduced Herbaceous Wetland Vegetation,LF 59: Introduced Herbaceous Wetland and Riparian Vegetation,Herbaceous / Nonvascular-dominated,Herbaceous - grassland,Perennial graminoid grassland,NA,NA,NA,NA
K004,Wetland,41.5018,-83.0443,9318,Northern & Central Ruderal Wet Meadow & Marsh,Herb,Riparian,Introduced Herbaceous Wetland Vegetation,LF 59: Introduced Herbaceous Wetland and Riparian Vegetation,Herbaceous / Nonvascular-dominated,Herbaceous - grassland,Perennial graminoid grassland,NA,NA,NA,NA
K004,Transition,41.5018,-83.0456,7518,North-Central Interior Wet Flatwoods,Tree,Riparian,Hardwood Flatwoods,SAF 65: Pin Oak-Sweetgum,Tree-dominated,Open tree canopy,Deciduous open tree canopy,NA,NA,NA,NA
K004,Upland,41.5015,-83.0462,7518,North-Central Interior Wet Flatwoods,Tree,Riparian,Hardwood Flatwoods,SAF 65: Pin Oak-Sweetgum,Tree-dominated,Open tree canopy,Deciduous open tree canopy,NA,NA,NA,NA
K007,Water,41.3771,-82.5102,7292,Open Water,Water,Open Water,Open Water,LF 11: Water,Non-vegetated,Non-vegetated,Non-vegetated,NA,NA,NA,NA
K007,Sediment,41.3771,-82.5102,7292,Open Water,Water,Open Water,Open Water,LF 11: Water,Non-vegetated,Non-vegetated,Non-vegetated,NA,NA,NA,NA
K007,Wetland,41.3759,-82.50713,9315,Northern & Central Native Ruderal Forest,Tree,Conifer-Hardwood,Ruderal Forest,LF 53: Ruderal Forest,Tree-dominated,Open tree canopy,Mixed evergreen-deciduous open tree canopy,NA,NA,NA,NA
K007,Transition,41.37591,-82.5064,9315,Northern & Central Native Ruderal Forest,Tree,Conifer-Hardwood,Ruderal Forest,LF 53: Ruderal Forest,Tree-dominated,Open tree canopy,Mixed evergreen-deciduous open tree canopy,NA,NA,NA,NA
K007,Upland,41.3762,-82.50666,9315,Northern & Central Native Ruderal Forest,Tree,Conifer-Hardwood,Ruderal Forest,LF 53: Ruderal Forest,Tree-dominated,Open tree canopy,Mixed evergreen-deciduous open tree canopy,NA,NA,NA,NA
K008,Water,41.3824,-82.5147,7296,Developed-Low Intensity,Developed,Developed-Low Intensity,Developed-Low Intensity,LF 20: Developed,No Dominant Lifeform,No Dominant Lifeform,Developed,NA,NA,NA,NA
K008,Sediment,41.3824,-82.5147,7296,Developed-Low Intensity,Developed,Developed-Low Intensity,Developed-Low Intensity,LF 20: Developed,No Dominant Lifeform,No Dominant Lifeform,Developed,NA,NA,NA,NA
K008,Wetland,41.3826,-82.5148,7296,Developed-Low Intensity,Developed,Developed-Low Intensity,Developed-Low Intensity,LF 20: Developed,No Dominant Lifeform,No Dominant Lifeform,Developed,NA,NA,NA,NA
K008,Transition,41.3827,-82.515,7299,Developed-Roads,Developed,Developed-Roads,Developed-Roads,LF 20: Developed,No Dominant Lifeform,No Dominant Lifeform,Developed,NA,NA,NA,NA
K008,Upland,41.3827,-82.515,7299,Developed-Roads,Developed,Developed-Roads,Developed-Roads,LF 20: Developed,No Dominant Lifeform,No Dominant Lifeform,Developed,NA,NA,NA,NA
K009,Water,41.3754,-82.5164,9315,Northern & Central Native Ruderal Forest,Tree,Conifer-Hardwood,Ruderal Forest,LF 53: Ruderal Forest,Tree-dominated,Open tree canopy,Mixed evergreen-deciduous open tree canopy,NA,NA,NA,NA
K009,Sediment,41.3754,-82.5164,9315,Northern & Central Native Ruderal Forest,Tree,Conifer-Hardwood,Ruderal Forest,LF 53: Ruderal Forest,Tree-dominated,Open tree canopy,Mixed evergreen-deciduous open tree canopy,NA,NA,NA,NA
K009,Wetland,41.3746,-82.5167,9315,Northern & Central Native Ruderal Forest,Tree,Conifer-Hardwood,Ruderal Forest,LF 53: Ruderal Forest,Tree-dominated,Open tree canopy,Mixed evergreen-deciduous open tree canopy,NA,NA,NA,NA
K009,Transition,41.3745,-82.5169,9315,Northern & Central Native Ruderal Forest,Tree,Conifer-Hardwood,Ruderal Forest,LF 53: Ruderal Forest,Tree-dominated,Open tree canopy,Mixed evergreen-deciduous open tree canopy,NA,NA,NA,NA
K009,Upland,41.3747,-82.517,9315,Northern & Central Native Ruderal Forest,Tree,Conifer-Hardwood,Ruderal Forest,LF 53: Ruderal Forest,Tree-dominated,Open tree canopy,Mixed evergreen-deciduous open tree canopy,NA,NA,NA,NA
K010,Water,41.3734,-82.5091,9180,North-Central Interior Freshwater Marsh,Herb,Riparian,Inland Marshes and Prairies,LF 45: Central Interior and Appalachian Herbaceous Wetland,Herbaceous / Nonvascular-dominated,Herbaceous - grassland,Perennial graminoid grassland,NA,NA,NA,NA
K010,Sediment,41.3733,-82.5092,9314,Northern & Central Native Ruderal Flooded & Swamp Forest,Tree,Riparian,Ruderal Forest,LF 53: Ruderal Forest,Tree-dominated,Closed tree canopy,Mixed evergreen-deciduous closed tree canopy,NA,NA,NA,NA
K010,Wetland,41.3731,-82.5083,7310,North-Central Interior Dry-Mesic Oak Forest and Woodland,Tree,Hardwood,White Oak-Red Oak-Hickory Forest and Woodland,SAF 52: White Oak-Black Oak-Northern Red Oak,Tree-dominated,Closed tree canopy,Deciduous closed tree canopy,NA,NA,NA,NA
K010,Transition,41.3731,-82.5076,7310,North-Central Interior Dry-Mesic Oak Forest and Woodland,Tree,Hardwood,White Oak-Red Oak-Hickory Forest and Woodland,SAF 52: White Oak-Black Oak-Northern Red Oak,Tree-dominated,Closed tree canopy,Deciduous closed tree canopy,NA,NA,NA,NA
K010,Upland,41.3732,-82.5075,7310,North-Central Interior Dry-Mesic Oak Forest and Woodland,Tree,Hardwood,White Oak-Red Oak-Hickory Forest and Woodland,SAF 52: White Oak-Black Oak-Northern Red Oak,Tree-dominated,Closed tree canopy,Deciduous closed tree canopy,NA,NA,NA,NA
K011,Water,41.3772,-82.51,9180,North-Central Interior Freshwater Marsh,Herb,Riparian,Inland Marshes and Prairies,LF 45: Central Interior and Appalachian Herbaceous Wetland,Herbaceous / Nonvascular-dominated,Herbaceous - grassland,Perennial graminoid grassland,NA,NA,NA,NA
K011,Sediment,41.3772,-82.51,9180,North-Central Interior Freshwater Marsh,Herb,Riparian,Inland Marshes and Prairies,LF 45: Central Interior and Appalachian Herbaceous Wetland,Herbaceous / Nonvascular-dominated,Herbaceous - grassland,Perennial graminoid grassland,NA,NA,NA,NA
K011,Wetland,41.3765,-82.5081,9315,Northern & Central Native Ruderal Forest,Tree,Conifer-Hardwood,Ruderal Forest,LF 53: Ruderal Forest,Tree-dominated,Open tree canopy,Mixed evergreen-deciduous open tree canopy,NA,NA,NA,NA
K011,Transition,41.3765,-82.5081,9315,Northern & Central Native Ruderal Forest,Tree,Conifer-Hardwood,Ruderal Forest,LF 53: Ruderal Forest,Tree-dominated,Open tree canopy,Mixed evergreen-deciduous open tree canopy,NA,NA,NA,NA
K011,Upland,41.3865,-82.5082,7292,Open Water,Water,Open Water,Open Water,LF 11: Water,Non-vegetated,Non-vegetated,Non-vegetated,NA,NA,NA,NA
K012,Water,43.5831,-83.688,7411,Great Lakes Wet-Mesic Lakeplain Prairie,Herb,Riparian,Inland Marshes and Prairies,LF 44: Laurentian-Acadian Herbaceous Wetland,Herbaceous / Nonvascular-dominated,Herbaceous - grassland,Perennial graminoid grassland,NA,NA,NA,NA
K012,Sediment,43.5831,-83.688,7411,Great Lakes Wet-Mesic Lakeplain Prairie,Herb,Riparian,Inland Marshes and Prairies,LF 44: Laurentian-Acadian Herbaceous Wetland,Herbaceous / Nonvascular-dominated,Herbaceous - grassland,Perennial graminoid grassland,NA,NA,NA,NA
K012,Wetland,43.583,-83.6882,7411,Great Lakes Wet-Mesic Lakeplain Prairie,Herb,Riparian,Inland Marshes and Prairies,LF 44: Laurentian-Acadian Herbaceous Wetland,Herbaceous / Nonvascular-dominated,Herbaceous - grassland,Perennial graminoid grassland,NA,NA,NA,NA
K013,Water,43.9688,-83.8603,7299,Developed-Roads,Developed,Developed-Roads,Developed-Roads,LF 20: Developed,No Dominant Lifeform,No Dominant Lifeform,Developed,NA,NA,NA,NA
K013,Sediment,43.9688,-83.8603,7299,Developed-Roads,Developed,Developed-Roads,Developed-Roads,LF 20: Developed,No Dominant Lifeform,No Dominant Lifeform,Developed,NA,NA,NA,NA
K013,Wetland,43.9687,-83.8619,9117,Laurentian-Acadian Floodplain Forest,Tree,Riparian,Eastern Floodplain Forests,SAF 39: Black Ash-American Elm-Red Maple,Tree-dominated,Open tree canopy,Mixed evergreen-deciduous open tree canopy,NA,NA,NA,NA
K013,Transition,43.9687,-83.862,9117,Laurentian-Acadian Floodplain Forest,Tree,Riparian,Eastern Floodplain Forests,SAF 39: Black Ash-American Elm-Red Maple,Tree-dominated,Open tree canopy,Mixed evergreen-deciduous open tree canopy,NA,NA,NA,NA
K013,Upland,43.9687,-83.8621,7481,Laurentian-Acadian Alkaline Conifer-Hardwood Swamp,Tree,Riparian,Atlantic Swamp Forests,SAF 39: Black Ash-American Elm-Red Maple,Tree-dominated,Closed tree canopy,Mixed evergreen-deciduous closed tree canopy,NA,NA,NA,NA
K014,Water,39.6696,-75.4661,7292,Open Water,Water,Open Water,Open Water,LF 11: Water,Non-vegetated,Non-vegetated,Non-vegetated,NA,NA,NA,NA
K014,Sediment,39.6699,-75.4661,7292,Open Water,Water,Open Water,Open Water,LF 11: Water,Non-vegetated,Non-vegetated,Non-vegetated,NA,NA,NA,NA
K015,Water,37.4147,-76.7161,7292,Open Water,Water,Open Water,Open Water,LF 11: Water,Non-vegetated,Non-vegetated,Non-vegetated,NA,NA,NA,NA
K015,Sediment,37.4147,-76.7161,7292,Open Water,Water,Open Water,Open Water,LF 11: Water,Non-vegetated,Non-vegetated,Non-vegetated,NA,NA,NA,NA
K015,Wetland,37.4144,-76.7153,9191,Northern Atlantic Coastal Plain Fresh and Oligohaline Tidal Marsh,Herb,Riparian,Atlantic Coastal Marsh,LF 50: Tidal Flats and Marshes,Herbaceous / Nonvascular-dominated,Herbaceous - grassland,Perennial graminoid grassland,NA,NA,NA,NA
K015,Transition,37.4142,-76.715,9191,Northern Atlantic Coastal Plain Fresh and Oligohaline Tidal Marsh,Herb,Riparian,Atlantic Coastal Marsh,LF 50: Tidal Flats and Marshes,Herbaceous / Nonvascular-dominated,Herbaceous - grassland,Perennial graminoid grassland,NA,NA,NA,NA
K015,Upland,37.4142,-76.715,9191,Northern Atlantic Coastal Plain Fresh and Oligohaline Tidal Marsh,Herb,Riparian,Atlantic Coastal Marsh,LF 50: Tidal Flats and Marshes,Herbaceous / Nonvascular-dominated,Herbaceous - grassland,Perennial graminoid grassland,NA,NA,NA,NA
K016,Water,37.3044,-76.5539,7292,Open Water,Water,Open Water,Open Water,LF 11: Water,Non-vegetated,Non-vegetated,Non-vegetated,NA,NA,NA,NA
K016,Sediment,37.3044,-76.5539,7292,Open Water,Water,Open Water,Open Water,LF 11: Water,Non-vegetated,Non-vegetated,Non-vegetated,NA,NA,NA,NA
K016,Wetland,37.3045,-76.5536,7292,Open Water,Water,Open Water,Open Water,LF 11: Water,Non-vegetated,Non-vegetated,Non-vegetated,NA,NA,NA,NA
K016,Transition,37.3047,-76.553,9189,Northern Atlantic Coastal Plain Brackish Tidal Marsh,Herb,Riparian,Atlantic Coastal Marsh,LF 50: Tidal Flats and Marshes,Herbaceous / Nonvascular-dominated,Herbaceous - grassland,Perennial graminoid grassland,NA,NA,NA,NA
K016,Upland,37.3047,-76.5529,9189,Northern Atlantic Coastal Plain Brackish Tidal Marsh,Herb,Riparian,Atlantic Coastal Marsh,LF 50: Tidal Flats and Marshes,Herbaceous / Nonvascular-dominated,Herbaceous - grassland,Perennial graminoid grassland,NA,NA,NA,NA
K017,Water,37.5678,-76.8867,7292,Open Water,Water,Open Water,Open Water,LF 11: Water,Non-vegetated,Non-vegetated,Non-vegetated,NA,NA,NA,NA
K017,Sediment,37.5678,-76.8867,7292,Open Water,Water,Open Water,Open Water,LF 11: Water,Non-vegetated,Non-vegetated,Non-vegetated,NA,NA,NA,NA
K017,Wetland,37.5687,-76.8869,9823,Southeastern Ruderal Grassland,Herb,Exotic Herbaceous,Introduced Perennial Grassland and Forbland,LF 54: Introduced Upland Vegetation - Herbaceous,Herbaceous / Nonvascular-dominated,Herbaceous - grassland,Perennial graminoid grassland,NA,NA,NA,NA
K017,Transition,37.5687,-76.8871,9189,Northern Atlantic Coastal Plain Brackish Tidal Marsh,Herb,Riparian,Atlantic Coastal Marsh,LF 50: Tidal Flats and Marshes,Herbaceous / Nonvascular-dominated,Herbaceous - grassland,Perennial graminoid grassland,NA,NA,NA,NA
K017,Upland,37.5687,-76.887200000000007,9189,Northern Atlantic Coastal Plain Brackish Tidal Marsh,Herb,Riparian,Atlantic Coastal Marsh,LF 50: Tidal Flats and Marshes,Herbaceous / Nonvascular-dominated,Herbaceous - grassland,Perennial graminoid grassland,NA,NA,NA,NA
K018,Water,37.2192,-76.4136,7292,Open Water,Water,Open Water,Open Water,LF 11: Water,Non-vegetated,Non-vegetated,Non-vegetated,NA,NA,NA,NA
K018,Sediment,37.2192,-76.4136,7292,Open Water,Water,Open Water,Open Water,LF 11: Water,Non-vegetated,Non-vegetated,Non-vegetated,NA,NA,NA,NA
K018,Wetland,37.2192,-76.4136,7292,Open Water,Water,Open Water,Open Water,LF 11: Water,Non-vegetated,Non-vegetated,Non-vegetated,NA,NA,NA,NA
K018,Transition,37.2197,-76.4133,9197,Northern Atlantic Coastal Plain Tidal Salt Marsh,Herb,Riparian,Atlantic Coastal Marsh,LF 50: Tidal Flats and Marshes,Herbaceous / Nonvascular-dominated,Herbaceous - grassland,Perennial graminoid grassland,NA,NA,NA,NA
K018,Upland,37.22,-76.4128,9195,Northern Atlantic Coastal Plain Riparian and Floodplain Forest,Tree,Riparian,Eastern Small Stream Riparian Forests,SAF 61: River Birch-Sycamore,Tree-dominated,Open tree canopy,Mixed evergreen-deciduous open tree canopy,NA,NA,NA,NA
K019,Water,46.6533,-92.2266,7292,Open Water,Water,Open Water,Open Water,LF 11: Water,Non-vegetated,Non-vegetated,Non-vegetated,NA,NA,NA,NA
K019,Sediment,46.6532,-92.2266,7292,Open Water,Water,Open Water,Open Water,LF 11: Water,Non-vegetated,Non-vegetated,Non-vegetated,NA,NA,NA,NA
K019,Wetland,46.6534,-92.2267,9202,Northern Great Lakes Coastal Marsh,Herb,Riparian,Inland Marshes and Prairies,LF 44: Laurentian-Acadian Herbaceous Wetland,Herbaceous / Nonvascular-dominated,Herbaceous - grassland,Perennial graminoid grassland,NA,NA,NA,NA
K019,Transition,46.6536,-92.2269,9202,Northern Great Lakes Coastal Marsh,Herb,Riparian,Inland Marshes and Prairies,LF 44: Laurentian-Acadian Herbaceous Wetland,Herbaceous / Nonvascular-dominated,Herbaceous - grassland,Perennial graminoid grassland,NA,NA,NA,NA
K019,Upland,46.6536,-92.2268,9202,Northern Great Lakes Coastal Marsh,Herb,Riparian,Inland Marshes and Prairies,LF 44: Laurentian-Acadian Herbaceous Wetland,Herbaceous / Nonvascular-dominated,Herbaceous - grassland,Perennial graminoid grassland,NA,NA,NA,NA
K020,Water,46.8143,-92.0515,7298,Developed-High Intensity,Developed,Developed-High Intensity,Developed-High Intensity,LF 20: Developed,No Dominant Lifeform,No Dominant Lifeform,Developed,NA,NA,NA,NA
K020,Upland,46.8145,-92.0515,7292,Open Water,Water,Open Water,Open Water,LF 11: Water,Non-vegetated,Non-vegetated,Non-vegetated,7296,NA,Developed-Low Intensity,NA
K021,Water,41.6056,-83.1526,7292,Open Water,Water,Open Water,Open Water,LF 11: Water,Non-vegetated,Non-vegetated,Non-vegetated,NA,NA,NA,NA
K021,Sediment,41.6056,-83.1526,7292,Open Water,Water,Open Water,Open Water,LF 11: Water,Non-vegetated,Non-vegetated,Non-vegetated,NA,NA,NA,NA
K021,Wetland,41.6054,-83.1533,9318,Northern & Central Ruderal Wet Meadow & Marsh,Herb,Riparian,Introduced Herbaceous Wetland Vegetation,LF 59: Introduced Herbaceous Wetland and Riparian Vegetation,Herbaceous / Nonvascular-dominated,Herbaceous - grassland,Perennial graminoid grassland,NA,NA,NA,NA
K021,Transition,41.6053,-83.1536,9318,Northern & Central Ruderal Wet Meadow & Marsh,Herb,Riparian,Introduced Herbaceous Wetland Vegetation,LF 59: Introduced Herbaceous Wetland and Riparian Vegetation,Herbaceous / Nonvascular-dominated,Herbaceous - grassland,Perennial graminoid grassland,NA,NA,NA,NA
K021,Upland,41.6053,-83.1537,9318,Northern & Central Ruderal Wet Meadow & Marsh,Herb,Riparian,Introduced Herbaceous Wetland Vegetation,LF 59: Introduced Herbaceous Wetland and Riparian Vegetation,Herbaceous / Nonvascular-dominated,Herbaceous - grassland,Perennial graminoid grassland,NA,NA,NA,NA
K022,Water,41.4629,-82.9971,9318,Northern & Central Ruderal Wet Meadow & Marsh,Herb,Riparian,Introduced Herbaceous Wetland Vegetation,LF 59: Introduced Herbaceous Wetland and Riparian Vegetation,Herbaceous / Nonvascular-dominated,Herbaceous - grassland,Perennial graminoid grassland,NA,NA,NA,NA
K022,Sediment,41.4629,-82.9971,9318,Northern & Central Ruderal Wet Meadow & Marsh,Herb,Riparian,Introduced Herbaceous Wetland Vegetation,LF 59: Introduced Herbaceous Wetland and Riparian Vegetation,Herbaceous / Nonvascular-dominated,Herbaceous - grassland,Perennial graminoid grassland,NA,NA,NA,NA
K022,Wetland,41.4626,-82.9973,9183,North-Central Interior Shrub Swamp,Shrub,Riparian,Inland Marshes and Prairies,LF 45: Central Interior and Appalachian Herbaceous Wetland,Shrub-dominated,Shrubland,Mixed evergreen-deciduous shrubland,NA,NA,NA,NA
K022,Transition,41.4623,-82.9974,9179,North-Central Interior Floodplain Forest,Tree,Riparian,Eastern Floodplain Forests,SAF 61: River Birch-Sycamore,Tree-dominated,Open tree canopy,Mixed evergreen-deciduous open tree canopy,NA,NA,NA,NA
K022,Upland,41.4621,-82.9974,9179,North-Central Interior Floodplain Forest,Tree,Riparian,Eastern Floodplain Forests,SAF 61: River Birch-Sycamore,Tree-dominated,Open tree canopy,Mixed evergreen-deciduous open tree canopy,NA,NA,NA,NA
K023,Water,38.8014,-76.7033,9189,Northern Atlantic Coastal Plain Brackish Tidal Marsh,Herb,Riparian,Atlantic Coastal Marsh,LF 50: Tidal Flats and Marshes,Herbaceous / Nonvascular-dominated,Herbaceous - grassland,Perennial graminoid grassland,NA,NA,NA,NA
K023,Sediment,38.8158,-76.7033,9191,Northern Atlantic Coastal Plain Fresh and Oligohaline Tidal Marsh,Herb,Riparian,Atlantic Coastal Marsh,LF 50: Tidal Flats and Marshes,Herbaceous / Nonvascular-dominated,Herbaceous - grassland,Perennial graminoid grassland,NA,NA,NA,NA
K023,Wetland,38.8014,-76.7031,9189,Northern Atlantic Coastal Plain Brackish Tidal Marsh,Herb,Riparian,Atlantic Coastal Marsh,LF 50: Tidal Flats and Marshes,Herbaceous / Nonvascular-dominated,Herbaceous - grassland,Perennial graminoid grassland,NA,NA,NA,NA
K023,Upland,38.7511,-76.7019,7974,Eastern Cool Temperate Row Crop,Agriculture,Agricultural,Agricultural-Row Crop,LF 80: Agriculture,Herbaceous / Nonvascular-dominated,Herbaceous - grassland,Annual Graminoid/Forb,NA,NA,NA,NA
K024,Water,38.2087,-75.8044,7292,Open Water,Water,Open Water,Open Water,LF 11: Water,Non-vegetated,Non-vegetated,Non-vegetated,NA,NA,NA,NA
K024,Sediment,38.2087,-75.8044,7292,Open Water,Water,Open Water,Open Water,LF 11: Water,Non-vegetated,Non-vegetated,Non-vegetated,NA,NA,NA,NA
K024,Wetland,38.2088,-75.8044,7292,Open Water,Water,Open Water,Open Water,LF 11: Water,Non-vegetated,Non-vegetated,Non-vegetated,9197,NA,Northern Atlantic Coastal Plain Tidal Salt Marsh,NA
K024,Transition,38.2105,-75.8056,7324,Northern Atlantic Coastal Plain Hardwood Forest,Tree,Hardwood,Coastal Plain Oak Forest,SAF 52: White Oak-Black Oak-Northern Red Oak,Tree-dominated,Closed tree canopy,Deciduous closed tree canopy,NA,NA,NA,NA
K024,Upland,38.2108,-75.8054,9321,Southeastern Native Ruderal Forest,Tree,Conifer-Hardwood,Introduced Upland Vegetation-Treed,LF 51: Introduced Upland Vegetation - Tree,Tree-dominated,Open tree canopy,Mixed evergreen-deciduous open tree canopy,NA,NA,NA,NA
K025,Water,38.8873,-76.5621,7324,Northern Atlantic Coastal Plain Hardwood Forest,Tree,Hardwood,Coastal Plain Oak Forest,SAF 52: White Oak-Black Oak-Northern Red Oak,Tree-dominated,Closed tree canopy,Deciduous closed tree canopy,NA,NA,NA,NA
K025,Sediment,38.8873,-76.5621,7324,Northern Atlantic Coastal Plain Hardwood Forest,Tree,Hardwood,Coastal Plain Oak Forest,SAF 52: White Oak-Black Oak-Northern Red Oak,Tree-dominated,Closed tree canopy,Deciduous closed tree canopy,NA,NA,NA,NA
K025,Wetland,38.8873,-76.5621,7324,Northern Atlantic Coastal Plain Hardwood Forest,Tree,Hardwood,Coastal Plain Oak Forest,SAF 52: White Oak-Black Oak-Northern Red Oak,Tree-dominated,Closed tree canopy,Deciduous closed tree canopy,NA,NA,NA,NA
K025,Transition,38.8873,-76.5621,7324,Northern Atlantic Coastal Plain Hardwood Forest,Tree,Hardwood,Coastal Plain Oak Forest,SAF 52: White Oak-Black Oak-Northern Red Oak,Tree-dominated,Closed tree canopy,Deciduous closed tree canopy,NA,NA,NA,NA
K025,Upland,38.8872,-76.5623,7324,Northern Atlantic Coastal Plain Hardwood Forest,Tree,Hardwood,Coastal Plain Oak Forest,SAF 52: White Oak-Black Oak-Northern Red Oak,Tree-dominated,Closed tree canopy,Deciduous closed tree canopy,NA,NA,NA,NA
K026,Water,37.7106,-75.6117,7907,Eastern Cool Temperate Urban Mixed Forest,Tree,Developed,Developed-Upland Mixed Forest,LF 20: Developed,Tree-dominated,Open tree canopy,Mixed evergreen-deciduous open tree canopy,NA,NA,NA,NA
K026,Sediment,37.7106,-75.6117,7907,Eastern Cool Temperate Urban Mixed Forest,Tree,Developed,Developed-Upland Mixed Forest,LF 20: Developed,Tree-dominated,Open tree canopy,Mixed evergreen-deciduous open tree canopy,NA,NA,NA,NA
K026,Wetland,37.712,-75.6102,9197,Northern Atlantic Coastal Plain Tidal Salt Marsh,Herb,Riparian,Atlantic Coastal Marsh,LF 50: Tidal Flats and Marshes,Herbaceous / Nonvascular-dominated,Herbaceous - grassland,Perennial graminoid grassland,NA,NA,NA,NA
K026,Transition,37.7128,-75.6086,7974,Eastern Cool Temperate Row Crop,Agriculture,Agricultural,Agricultural-Row Crop,LF 80: Agriculture,Herbaceous / Nonvascular-dominated,Herbaceous - grassland,Annual Graminoid/Forb,NA,NA,NA,NA
K026,Upland,37.7129,-75.6085,7974,Eastern Cool Temperate Row Crop,Agriculture,Agricultural,Agricultural-Row Crop,LF 80: Agriculture,Herbaceous / Nonvascular-dominated,Herbaceous - grassland,Annual Graminoid/Forb,NA,NA,NA,NA
K027,Water,37.9914,-75.8238,9197,Northern Atlantic Coastal Plain Tidal Salt Marsh,Herb,Riparian,Atlantic Coastal Marsh,LF 50: Tidal Flats and Marshes,Herbaceous / Nonvascular-dominated,Herbaceous - grassland,Perennial graminoid grassland,NA,NA,NA,NA
K027,Sediment,37.9914,-75.8238,9197,Northern Atlantic Coastal Plain Tidal Salt Marsh,Herb,Riparian,Atlantic Coastal Marsh,LF 50: Tidal Flats and Marshes,Herbaceous / Nonvascular-dominated,Herbaceous - grassland,Perennial graminoid grassland,NA,NA,NA,NA
K027,Wetland,37.9927,-75.8221,9197,Northern Atlantic Coastal Plain Tidal Salt Marsh,Herb,Riparian,Atlantic Coastal Marsh,LF 50: Tidal Flats and Marshes,Herbaceous / Nonvascular-dominated,Herbaceous - grassland,Perennial graminoid grassland,NA,NA,NA,NA
K027,Transition,37.9923,-75.8218,7976,Eastern Cool Temperate Fallow/Idle Cropland,Herb,Agricultural,Agricultural-Fallow/Idle Cropland,LF 80: Agriculture,Herbaceous / Nonvascular-dominated,Herbaceous - grassland,Annual Graminoid/Forb,NA,NA,NA,NA
K027,Upland,37.9917,-75.8216,7974,Eastern Cool Temperate Row Crop,Agriculture,Agricultural,Agricultural-Row Crop,LF 80: Agriculture,Herbaceous / Nonvascular-dominated,Herbaceous - grassland,Annual Graminoid/Forb,NA,NA,NA,NA
K029,Water,39.4188,-75.3786,9195,Northern Atlantic Coastal Plain Riparian and Floodplain Forest,Tree,Riparian,Eastern Small Stream Riparian Forests,SAF 61: River Birch-Sycamore,Tree-dominated,Open tree canopy,Mixed evergreen-deciduous open tree canopy,NA,NA,NA,NA
K029,Sediment,39.4188,-75.3786,9195,Northern Atlantic Coastal Plain Riparian and Floodplain Forest,Tree,Riparian,Eastern Small Stream Riparian Forests,SAF 61: River Birch-Sycamore,Tree-dominated,Open tree canopy,Mixed evergreen-deciduous open tree canopy,NA,NA,NA,NA
K029,Wetland,39.4188,-75.3786,9195,Northern Atlantic Coastal Plain Riparian and Floodplain Forest,Tree,Riparian,Eastern Small Stream Riparian Forests,SAF 61: River Birch-Sycamore,Tree-dominated,Open tree canopy,Mixed evergreen-deciduous open tree canopy,NA,NA,NA,NA
K029,Transition,39.4187,-75.3786,9195,Northern Atlantic Coastal Plain Riparian and Floodplain Forest,Tree,Riparian,Eastern Small Stream Riparian Forests,SAF 61: River Birch-Sycamore,Tree-dominated,Open tree canopy,Mixed evergreen-deciduous open tree canopy,NA,NA,NA,NA
K029,Upland,39.4185,-75.3788,9195,Northern Atlantic Coastal Plain Riparian and Floodplain Forest,Tree,Riparian,Eastern Small Stream Riparian Forests,SAF 61: River Birch-Sycamore,Tree-dominated,Open tree canopy,Mixed evergreen-deciduous open tree canopy,NA,NA,NA,NA
K030,Water,39.0884,-75.4374,9324,Southeastern Ruderal Wet Meadow & Marsh,Herb,Riparian,Introduced Herbaceous Wetland Vegetation,LF 59: Introduced Herbaceous Wetland and Riparian Vegetation,Herbaceous / Nonvascular-dominated,Herbaceous - grassland,Perennial graminoid grassland,NA,NA,NA,NA
K030,Sediment,39.0884,-75.4374,9324,Southeastern Ruderal Wet Meadow & Marsh,Herb,Riparian,Introduced Herbaceous Wetland Vegetation,LF 59: Introduced Herbaceous Wetland and Riparian Vegetation,Herbaceous / Nonvascular-dominated,Herbaceous - grassland,Perennial graminoid grassland,NA,NA,NA,NA
K030,Wetland,39.0881,-75.4375,9324,Southeastern Ruderal Wet Meadow & Marsh,Herb,Riparian,Introduced Herbaceous Wetland Vegetation,LF 59: Introduced Herbaceous Wetland and Riparian Vegetation,Herbaceous / Nonvascular-dominated,Herbaceous - grassland,Perennial graminoid grassland,NA,NA,NA,NA
K030,Upland,39.0885,-75.438,9189,Northern Atlantic Coastal Plain Brackish Tidal Marsh,Herb,Riparian,Atlantic Coastal Marsh,LF 50: Tidal Flats and Marshes,Herbaceous / Nonvascular-dominated,Herbaceous - grassland,Perennial graminoid grassland,NA,NA,NA,NA
K033,Water,47.1041,-88.5153,7481,Laurentian-Acadian Alkaline Conifer-Hardwood Swamp,Tree,Riparian,Atlantic Swamp Forests,SAF 39: Black Ash-American Elm-Red Maple,Tree-dominated,Closed tree canopy,Mixed evergreen-deciduous closed tree canopy,NA,NA,NA,NA
K033,Sediment,47.1041,-88.5153,7481,Laurentian-Acadian Alkaline Conifer-Hardwood Swamp,Tree,Riparian,Atlantic Swamp Forests,SAF 39: Black Ash-American Elm-Red Maple,Tree-dominated,Closed tree canopy,Mixed evergreen-deciduous closed tree canopy,NA,NA,NA,NA
K033,Wetland,47.1043,-88.516,9056,Boreal-Laurentian Conifer Acidic Swamp and Treed Poor Fen,Tree,Riparian,Peatland Forests,SAF 13: Black Spruce-Tamarack,Tree-dominated,Open tree canopy,Evergreen open tree canopy,NA,NA,NA,NA
K033,Upland,47.1041,-88.517,7299,Developed-Roads,Developed,Developed-Roads,Developed-Roads,LF 20: Developed,No Dominant Lifeform,No Dominant Lifeform,Developed,NA,NA,NA,NA
K034,Water,38.7746,-75.9752,9823,Southeastern Ruderal Grassland,Herb,Exotic Herbaceous,Introduced Perennial Grassland and Forbland,LF 54: Introduced Upland Vegetation - Herbaceous,Herbaceous / Nonvascular-dominated,Herbaceous - grassland,Perennial graminoid grassland,NA,NA,NA,NA
K034,Sediment,38.7746,-75.9752,9823,Southeastern Ruderal Grassland,Herb,Exotic Herbaceous,Introduced Perennial Grassland and Forbland,LF 54: Introduced Upland Vegetation - Herbaceous,Herbaceous / Nonvascular-dominated,Herbaceous - grassland,Perennial graminoid grassland,NA,NA,NA,NA
K034,Wetland,38.7745,-75.9753,9321,Southeastern Native Ruderal Forest,Tree,Conifer-Hardwood,Introduced Upland Vegetation-Treed,LF 51: Introduced Upland Vegetation - Tree,Tree-dominated,Open tree canopy,Mixed evergreen-deciduous open tree canopy,NA,NA,NA,NA
K034,Transition,38.7744,-75.9753,9321,Southeastern Native Ruderal Forest,Tree,Conifer-Hardwood,Introduced Upland Vegetation-Treed,LF 51: Introduced Upland Vegetation - Tree,Tree-dominated,Open tree canopy,Mixed evergreen-deciduous open tree canopy,NA,NA,NA,NA
K034,Upland,38.7743,-75.9754,9321,Southeastern Native Ruderal Forest,Tree,Conifer-Hardwood,Introduced Upland Vegetation-Treed,LF 51: Introduced Upland Vegetation - Tree,Tree-dominated,Open tree canopy,Mixed evergreen-deciduous open tree canopy,NA,NA,NA,NA
K035,Water,38.5922,-76.1307,9197,Northern Atlantic Coastal Plain Tidal Salt Marsh,Herb,Riparian,Atlantic Coastal Marsh,LF 50: Tidal Flats and Marshes,Herbaceous / Nonvascular-dominated,Herbaceous - grassland,Perennial graminoid grassland,NA,NA,NA,NA
K035,Sediment,38.5922,-76.1307,9197,Northern Atlantic Coastal Plain Tidal Salt Marsh,Herb,Riparian,Atlantic Coastal Marsh,LF 50: Tidal Flats and Marshes,Herbaceous / Nonvascular-dominated,Herbaceous - grassland,Perennial graminoid grassland,NA,NA,NA,NA
K035,Wetland,38.5922,-76.1307,9197,Northern Atlantic Coastal Plain Tidal Salt Marsh,Herb,Riparian,Atlantic Coastal Marsh,LF 50: Tidal Flats and Marshes,Herbaceous / Nonvascular-dominated,Herbaceous - grassland,Perennial graminoid grassland,NA,NA,NA,NA
K035,Transition,38.5922,-76.1302,9324,Southeastern Ruderal Wet Meadow & Marsh,Herb,Riparian,Introduced Herbaceous Wetland Vegetation,LF 59: Introduced Herbaceous Wetland and Riparian Vegetation,Herbaceous / Nonvascular-dominated,Herbaceous - grassland,Perennial graminoid grassland,NA,NA,NA,NA
K035,Upland,38.5922,-76.13,7299,Developed-Roads,Developed,Developed-Roads,Developed-Roads,LF 20: Developed,No Dominant Lifeform,No Dominant Lifeform,Developed,NA,NA,NA,NA
K036,Water,39.0412,-76.2218,7292,Open Water,Water,Open Water,Open Water,LF 11: Water,Non-vegetated,Non-vegetated,Non-vegetated,NA,NA,NA,NA
K036,Sediment,39.0412,-76.2218,7292,Open Water,Water,Open Water,Open Water,LF 11: Water,Non-vegetated,Non-vegetated,Non-vegetated,NA,NA,NA,NA
K036,Wetland,39.0385,-76.2239,9324,Southeastern Ruderal Wet Meadow & Marsh,Herb,Riparian,Introduced Herbaceous Wetland Vegetation,LF 59: Introduced Herbaceous Wetland and Riparian Vegetation,Herbaceous / Nonvascular-dominated,Herbaceous - grassland,Perennial graminoid grassland,NA,NA,NA,NA
K036,Transition,39.0381,-76.2242,9324,Southeastern Ruderal Wet Meadow & Marsh,Herb,Riparian,Introduced Herbaceous Wetland Vegetation,LF 59: Introduced Herbaceous Wetland and Riparian Vegetation,Herbaceous / Nonvascular-dominated,Herbaceous - grassland,Perennial graminoid grassland,NA,NA,NA,NA
K036,Upland,39.0379,-76.2244,9189,Northern Atlantic Coastal Plain Brackish Tidal Marsh,Herb,Riparian,Atlantic Coastal Marsh,LF 50: Tidal Flats and Marshes,Herbaceous / Nonvascular-dominated,Herbaceous - grassland,Perennial graminoid grassland,NA,NA,NA,NA
K037,Water,37.5569,-76.9731,9324,Southeastern Ruderal Wet Meadow & Marsh,Herb,Riparian,Introduced Herbaceous Wetland Vegetation,LF 59: Introduced Herbaceous Wetland and Riparian Vegetation,Herbaceous / Nonvascular-dominated,Herbaceous - grassland,Perennial graminoid grassland,NA,NA,NA,NA
K037,Sediment,37.5569,-76.9731,9324,Southeastern Ruderal Wet Meadow & Marsh,Herb,Riparian,Introduced Herbaceous Wetland Vegetation,LF 59: Introduced Herbaceous Wetland and Riparian Vegetation,Herbaceous / Nonvascular-dominated,Herbaceous - grassland,Perennial graminoid grassland,NA,NA,NA,NA
K037,Wetland,37.5569,-76.9731,9324,Southeastern Ruderal Wet Meadow & Marsh,Herb,Riparian,Introduced Herbaceous Wetland Vegetation,LF 59: Introduced Herbaceous Wetland and Riparian Vegetation,Herbaceous / Nonvascular-dominated,Herbaceous - grassland,Perennial graminoid grassland,NA,NA,NA,NA
K038,Water,37.3264,-77.2078,9198,Northern Atlantic Coastal Plain Tidal Swamp,Tree,Riparian,Atlantic Swamp Forests,LF 46: Atlantic Coastal Plain Swamp,Tree-dominated,Open tree canopy,Mixed evergreen-deciduous open tree canopy,NA,NA,NA,NA
K038,Sediment,37.3264,-77.2078,9198,Northern Atlantic Coastal Plain Tidal Swamp,Tree,Riparian,Atlantic Swamp Forests,LF 46: Atlantic Coastal Plain Swamp,Tree-dominated,Open tree canopy,Mixed evergreen-deciduous open tree canopy,NA,NA,NA,NA
K038,Wetland,37.3267,-77.2078,9198,Northern Atlantic Coastal Plain Tidal Swamp,Tree,Riparian,Atlantic Swamp Forests,LF 46: Atlantic Coastal Plain Swamp,Tree-dominated,Open tree canopy,Mixed evergreen-deciduous open tree canopy,NA,NA,NA,NA
K038,Upland,37.3267,-77.2072,7343,Southern Atlantic Coastal Plain Mesic Hardwood Forest,Tree,Hardwood,Sweetgum-Water Oak Forest,SAF 92: Sweetgum-Willow Oak,Tree-dominated,Closed tree canopy,Deciduous closed tree canopy,NA,NA,NA,NA
K039,Water,43.7621,-86.4077,9117,Laurentian-Acadian Floodplain Forest,Tree,Riparian,Eastern Floodplain Forests,SAF 39: Black Ash-American Elm-Red Maple,Tree-dominated,Open tree canopy,Mixed evergreen-deciduous open tree canopy,NA,NA,NA,NA
K039,Sediment,43.7621,-86.4077,9117,Laurentian-Acadian Floodplain Forest,Tree,Riparian,Eastern Floodplain Forests,SAF 39: Black Ash-American Elm-Red Maple,Tree-dominated,Open tree canopy,Mixed evergreen-deciduous open tree canopy,NA,NA,NA,NA
K039,Wetland,43.7618,-86.4075,9117,Laurentian-Acadian Floodplain Forest,Tree,Riparian,Eastern Floodplain Forests,SAF 39: Black Ash-American Elm-Red Maple,Tree-dominated,Open tree canopy,Mixed evergreen-deciduous open tree canopy,NA,NA,NA,NA
K039,Transition,43.7604,-86.4078,9117,Laurentian-Acadian Floodplain Forest,Tree,Riparian,Eastern Floodplain Forests,SAF 39: Black Ash-American Elm-Red Maple,Tree-dominated,Open tree canopy,Mixed evergreen-deciduous open tree canopy,NA,NA,NA,NA
K039,Upland,43.7568,-86.4049,7240,Laurentian-Acadian Hardwood Forest,Tree,Hardwood,Pine-Hemlock-Hardwood Forest,SAF 24: Hemlock-Yellow Birch,Tree-dominated,Closed tree canopy,Deciduous closed tree canopy,NA,NA,NA,NA
K040,Water,37.4559,-75.8335,7292,Open Water,Water,Open Water,Open Water,LF 11: Water,Non-vegetated,Non-vegetated,Non-vegetated,NA,NA,NA,NA
K040,Sediment,37.4559,-75.8335,7292,Open Water,Water,Open Water,Open Water,LF 11: Water,Non-vegetated,Non-vegetated,Non-vegetated,NA,NA,NA,NA
K040,Wetland,37.4566,-75.8332,7292,Open Water,Water,Open Water,Open Water,LF 11: Water,Non-vegetated,Non-vegetated,Non-vegetated,NA,NA,NA,NA
K040,Transition,37.4644,-75.8358,9188,Northern Atlantic Coastal Plain Basin Swamp and Wet Hardwood Forest,Tree,Riparian,Atlantic Swamp Forests,LF 46: Atlantic Coastal Plain Swamp,Tree-dominated,Open tree canopy,Mixed evergreen-deciduous open tree canopy,NA,NA,NA,NA
K040,Upland,37.4654,-75.8356,9188,Northern Atlantic Coastal Plain Basin Swamp and Wet Hardwood Forest,Tree,Riparian,Atlantic Swamp Forests,LF 46: Atlantic Coastal Plain Swamp,Tree-dominated,Open tree canopy,Mixed evergreen-deciduous open tree canopy,NA,NA,NA,NA
K041,Water,37.4557,-75.8334,7292,Open Water,Water,Open Water,Open Water,LF 11: Water,Non-vegetated,Non-vegetated,Non-vegetated,NA,NA,NA,NA
K041,Sediment,37.4557,-75.8334,7292,Open Water,Water,Open Water,Open Water,LF 11: Water,Non-vegetated,Non-vegetated,Non-vegetated,NA,NA,NA,NA
K041,Wetland,37.4557,-75.8334,7292,Open Water,Water,Open Water,Open Water,LF 11: Water,Non-vegetated,Non-vegetated,Non-vegetated,NA,NA,NA,NA
K041,Transition,37.4638,-75.8357,9320,Southeastern Native Ruderal Flooded & Swamp Forest,Tree,Riparian,Introduced Woody Wetland Vegetation,LF 58: Introduced Woody Wetlands and Riparian Vegetation,Tree-dominated,Open tree canopy,Mixed evergreen-deciduous open tree canopy,NA,NA,NA,NA
K041,Upland,37.4656,-75.835,9188,Northern Atlantic Coastal Plain Basin Swamp and Wet Hardwood Forest,Tree,Riparian,Atlantic Swamp Forests,LF 46: Atlantic Coastal Plain Swamp,Tree-dominated,Open tree canopy,Mixed evergreen-deciduous open tree canopy,NA,NA,NA,NA
K042,Water,39.8816,-75.2665,9189,Northern Atlantic Coastal Plain Brackish Tidal Marsh,Herb,Riparian,Atlantic Coastal Marsh,LF 50: Tidal Flats and Marshes,Herbaceous / Nonvascular-dominated,Herbaceous - grassland,Perennial graminoid grassland,NA,NA,NA,NA
K042,Sediment,38.8816,-75.2665,7292,Open Water,Water,Open Water,Open Water,LF 11: Water,Non-vegetated,Non-vegetated,Non-vegetated,NA,NA,NA,NA
K042,Wetland,39.8816,-75.265,7292,Open Water,Water,Open Water,Open Water,LF 11: Water,Non-vegetated,Non-vegetated,Non-vegetated,9198,9195,Northern Atlantic Coastal Plain Tidal Swamp,Northern Atlantic Coastal Plain Riparian and Floodplain Forest
K042,Transition,39.8815,-75.2648,9198,Northern Atlantic Coastal Plain Tidal Swamp,Tree,Riparian,Atlantic Swamp Forests,LF 46: Atlantic Coastal Plain Swamp,Tree-dominated,Open tree canopy,Mixed evergreen-deciduous open tree canopy,NA,NA,NA,NA
K042,Upland,39.8815,-75.2646,9198,Northern Atlantic Coastal Plain Tidal Swamp,Tree,Riparian,Atlantic Swamp Forests,LF 46: Atlantic Coastal Plain Swamp,Tree-dominated,Open tree canopy,Mixed evergreen-deciduous open tree canopy,NA,NA,NA,NA
K043,Water,39.062,-75.394,7292,Open Water,Water,Open Water,Open Water,LF 11: Water,Non-vegetated,Non-vegetated,Non-vegetated,NA,NA,NA,NA
K043,Sediment,39.062,-75.397,7292,Open Water,Water,Open Water,Open Water,LF 11: Water,Non-vegetated,Non-vegetated,Non-vegetated,NA,NA,NA,NA
K044,Water,38.8837,-76.5583,9197,Northern Atlantic Coastal Plain Tidal Salt Marsh,Herb,Riparian,Atlantic Coastal Marsh,LF 50: Tidal Flats and Marshes,Herbaceous / Nonvascular-dominated,Herbaceous - grassland,Perennial graminoid grassland,NA,NA,NA,NA
K044,Sediment,38.8837,-76.5583,9197,Northern Atlantic Coastal Plain Tidal Salt Marsh,Herb,Riparian,Atlantic Coastal Marsh,LF 50: Tidal Flats and Marshes,Herbaceous / Nonvascular-dominated,Herbaceous - grassland,Perennial graminoid grassland,NA,NA,NA,NA
K044,Wetland,38.8841,-76.5582,7292,Open Water,Water,Open Water,Open Water,LF 11: Water,Non-vegetated,Non-vegetated,Non-vegetated,9321,NA,Southeastern Native Ruderal Forest,NA
K044,Transition,38.8842,-76.5583,9321,Southeastern Native Ruderal Forest,Tree,Conifer-Hardwood,Introduced Upland Vegetation-Treed,LF 51: Introduced Upland Vegetation - Tree,Tree-dominated,Open tree canopy,Mixed evergreen-deciduous open tree canopy,NA,NA,NA,NA
K044,Upland,38.8843,-76.5583,9321,Southeastern Native Ruderal Forest,Tree,Conifer-Hardwood,Introduced Upland Vegetation-Treed,LF 51: Introduced Upland Vegetation - Tree,Tree-dominated,Open tree canopy,Mixed evergreen-deciduous open tree canopy,NA,NA,NA,NA
K045,Water,39.9886,-74.8467,7292,Open Water,Water,Open Water,Open Water,LF 11: Water,Non-vegetated,Non-vegetated,Non-vegetated,NA,NA,NA,NA
K045,Sediment,39.9887,-74.8466,9191,Northern Atlantic Coastal Plain Fresh and Oligohaline Tidal Marsh,Herb,Riparian,Atlantic Coastal Marsh,LF 50: Tidal Flats and Marshes,Herbaceous / Nonvascular-dominated,Herbaceous - grassland,Perennial graminoid grassland,NA,NA,NA,NA
K045,Wetland,39.9889,-74.8465,9191,Northern Atlantic Coastal Plain Fresh and Oligohaline Tidal Marsh,Herb,Riparian,Atlantic Coastal Marsh,LF 50: Tidal Flats and Marshes,Herbaceous / Nonvascular-dominated,Herbaceous - grassland,Perennial graminoid grassland,NA,NA,NA,NA
K045,Transition,39.9905,-74.8443,9188,Northern Atlantic Coastal Plain Basin Swamp and Wet Hardwood Forest,Tree,Riparian,Atlantic Swamp Forests,LF 46: Atlantic Coastal Plain Swamp,Tree-dominated,Open tree canopy,Mixed evergreen-deciduous open tree canopy,NA,NA,NA,NA
K045,Upland,39.991,-74.8434,7324,Northern Atlantic Coastal Plain Hardwood Forest,Tree,Hardwood,Coastal Plain Oak Forest,SAF 52: White Oak-Black Oak-Northern Red Oak,Tree-dominated,Closed tree canopy,Deciduous closed tree canopy,NA,NA,NA,NA
K046,Water,39.0892,-75.4365,9324,Southeastern Ruderal Wet Meadow & Marsh,Herb,Riparian,Introduced Herbaceous Wetland Vegetation,LF 59: Introduced Herbaceous Wetland and Riparian Vegetation,Herbaceous / Nonvascular-dominated,Herbaceous - grassland,Perennial graminoid grassland,NA,NA,NA,NA
K046,Sediment,39.0892,-75.4365,9324,Southeastern Ruderal Wet Meadow & Marsh,Herb,Riparian,Introduced Herbaceous Wetland Vegetation,LF 59: Introduced Herbaceous Wetland and Riparian Vegetation,Herbaceous / Nonvascular-dominated,Herbaceous - grassland,Perennial graminoid grassland,NA,NA,NA,NA
K046,Wetland,39.089,-75.4366,9324,Southeastern Ruderal Wet Meadow & Marsh,Herb,Riparian,Introduced Herbaceous Wetland Vegetation,LF 59: Introduced Herbaceous Wetland and Riparian Vegetation,Herbaceous / Nonvascular-dominated,Herbaceous - grassland,Perennial graminoid grassland,NA,NA,NA,NA
K046,Upland,39.0887,-75.4351,9195,Northern Atlantic Coastal Plain Riparian and Floodplain Forest,Tree,Riparian,Eastern Small Stream Riparian Forests,SAF 61: River Birch-Sycamore,Tree-dominated,Open tree canopy,Mixed evergreen-deciduous open tree canopy,NA,NA,NA,NA
K047,Water,43.4162,-86.3489,7292,Open Water,Water,Open Water,Open Water,LF 11: Water,Non-vegetated,Non-vegetated,Non-vegetated,NA,NA,NA,NA
K047,Sediment,43.4162,-86.3489,7292,Open Water,Water,Open Water,Open Water,LF 11: Water,Non-vegetated,Non-vegetated,Non-vegetated,NA,NA,NA,NA
K047,Wetland,43.4169,-86.35,9118,Laurentian-Acadian Freshwater Marsh,Herb,Riparian,Inland Marshes and Prairies,LF 44: Laurentian-Acadian Herbaceous Wetland,Herbaceous / Nonvascular-dominated,Herbaceous - grassland,Perennial graminoid grassland,NA,NA,NA,NA
K047,Transition,43.4166,-86.3508,9179,North-Central Interior Floodplain Forest,Tree,Riparian,Eastern Floodplain Forests,SAF 61: River Birch-Sycamore,Tree-dominated,Open tree canopy,Mixed evergreen-deciduous open tree canopy,NA,NA,NA,NA
K047,Upland,43.4161,-86.3521,9179,North-Central Interior Floodplain Forest,Tree,Riparian,Eastern Floodplain Forests,SAF 61: River Birch-Sycamore,Tree-dominated,Open tree canopy,Mixed evergreen-deciduous open tree canopy,NA,NA,NA,NA
K048,Water,39.8803,-75.2667,7292,Open Water,Water,Open Water,Open Water,LF 11: Water,Non-vegetated,Non-vegetated,Non-vegetated,NA,NA,NA,NA
K048,Sediment,39.8803,-75.2667,7292,Open Water,Water,Open Water,Open Water,LF 11: Water,Non-vegetated,Non-vegetated,Non-vegetated,NA,NA,NA,NA
K048,Wetland,39.8802,-75.2669,7292,Open Water,Water,Open Water,Open Water,LF 11: Water,Non-vegetated,Non-vegetated,Non-vegetated,9198,NA,Northern Atlantic Coastal Plain Tidal Swamp,NA
K048,Transition,39.8801,-75.2666,9195,Northern Atlantic Coastal Plain Riparian and Floodplain Forest,Tree,Riparian,Eastern Small Stream Riparian Forests,SAF 61: River Birch-Sycamore,Tree-dominated,Open tree canopy,Mixed evergreen-deciduous open tree canopy,NA,NA,NA,NA
K048,Upland,39.88,-75.2665,9195,Northern Atlantic Coastal Plain Riparian and Floodplain Forest,Tree,Riparian,Eastern Small Stream Riparian Forests,SAF 61: River Birch-Sycamore,Tree-dominated,Open tree canopy,Mixed evergreen-deciduous open tree canopy,NA,NA,NA,NA
K049,Water,42.6708,-86.2107,9101,Great Lakes Dune,Sparse,Sparsely Vegetated,Sparse Vegetation,LF 33: Sparsely Vegetated,No Dominant Lifeform,Sparsely vegetated,Sparsely vegetated,NA,NA,NA,NA
K049,Sediment,42.6708,-86.2107,9101,Great Lakes Dune,Sparse,Sparsely Vegetated,Sparse Vegetation,LF 33: Sparsely Vegetated,No Dominant Lifeform,Sparsely vegetated,Sparsely vegetated,NA,NA,NA,NA
K049,Wetland,42.6708,-86.2106,9101,Great Lakes Dune,Sparse,Sparsely Vegetated,Sparse Vegetation,LF 33: Sparsely Vegetated,No Dominant Lifeform,Sparsely vegetated,Sparsely vegetated,NA,NA,NA,NA
K049,Transition,42.6709,-86.2106,9101,Great Lakes Dune,Sparse,Sparsely Vegetated,Sparse Vegetation,LF 33: Sparsely Vegetated,No Dominant Lifeform,Sparsely vegetated,Sparsely vegetated,NA,NA,NA,NA
K049,Upland,42.6709,-86.2105,9101,Great Lakes Dune,Sparse,Sparsely Vegetated,Sparse Vegetation,LF 33: Sparsely Vegetated,No Dominant Lifeform,Sparsely vegetated,Sparsely vegetated,NA,NA,NA,NA
K050,Water,37.3344,-77.2072,7292,Open Water,Water,Open Water,Open Water,LF 11: Water,Non-vegetated,Non-vegetated,Non-vegetated,NA,NA,NA,NA
K050,Sediment,37.3344,-77.2072,7292,Open Water,Water,Open Water,Open Water,LF 11: Water,Non-vegetated,Non-vegetated,Non-vegetated,NA,NA,NA,NA
K050,Wetland,37.3347,-77.2069,7292,Open Water,Water,Open Water,Open Water,LF 11: Water,Non-vegetated,Non-vegetated,Non-vegetated,9324,NA,Southeastern Ruderal Wet Meadow & Marsh,NA
K050,Transition,37.3347,-77.2058,7343,Southern Atlantic Coastal Plain Mesic Hardwood Forest,Tree,Hardwood,Sweetgum-Water Oak Forest,SAF 92: Sweetgum-Willow Oak,Tree-dominated,Closed tree canopy,Deciduous closed tree canopy,NA,NA,NA,NA
K050,Upland,37.3347,-77.2058,7343,Southern Atlantic Coastal Plain Mesic Hardwood Forest,Tree,Hardwood,Sweetgum-Water Oak Forest,SAF 92: Sweetgum-Willow Oak,Tree-dominated,Closed tree canopy,Deciduous closed tree canopy,NA,NA,NA,NA
K051,Water,38.5747,-76.2191,7299,Developed-Roads,Developed,Developed-Roads,Developed-Roads,LF 20: Developed,No Dominant Lifeform,No Dominant Lifeform,Developed,NA,NA,NA,NA
K051,Sediment,38.5747,-76.2191,7299,Developed-Roads,Developed,Developed-Roads,Developed-Roads,LF 20: Developed,No Dominant Lifeform,No Dominant Lifeform,Developed,NA,NA,NA,NA
K051,Wetland,38.5747,-76.2194,7324,Northern Atlantic Coastal Plain Hardwood Forest,Tree,Hardwood,Coastal Plain Oak Forest,SAF 52: White Oak-Black Oak-Northern Red Oak,Tree-dominated,Closed tree canopy,Deciduous closed tree canopy,NA,NA,NA,NA
K051,Transition,38.5747,-76.2191,7299,Developed-Roads,Developed,Developed-Roads,Developed-Roads,LF 20: Developed,No Dominant Lifeform,No Dominant Lifeform,Developed,NA,NA,NA,NA
K051,Upland,38.5746,-76.2185,7974,Eastern Cool Temperate Row Crop,Agriculture,Agricultural,Agricultural-Row Crop,LF 80: Agriculture,Herbaceous / Nonvascular-dominated,Herbaceous - grassland,Annual Graminoid/Forb,NA,NA,NA,NA
K052,Water,38.1595,-75.7905,9197,Northern Atlantic Coastal Plain Tidal Salt Marsh,Herb,Riparian,Atlantic Coastal Marsh,LF 50: Tidal Flats and Marshes,Herbaceous / Nonvascular-dominated,Herbaceous - grassland,Perennial graminoid grassland,NA,NA,NA,NA
K052,Sediment,38.1595,-75.7904,9197,Northern Atlantic Coastal Plain Tidal Salt Marsh,Herb,Riparian,Atlantic Coastal Marsh,LF 50: Tidal Flats and Marshes,Herbaceous / Nonvascular-dominated,Herbaceous - grassland,Perennial graminoid grassland,NA,NA,NA,NA
K052,Wetland,38.1596,-75.7899,9197,Northern Atlantic Coastal Plain Tidal Salt Marsh,Herb,Riparian,Atlantic Coastal Marsh,LF 50: Tidal Flats and Marshes,Herbaceous / Nonvascular-dominated,Herbaceous - grassland,Perennial graminoid grassland,NA,NA,NA,NA
K052,Transition,38.1604,-75.7899,7974,Eastern Cool Temperate Row Crop,Agriculture,Agricultural,Agricultural-Row Crop,LF 80: Agriculture,Herbaceous / Nonvascular-dominated,Herbaceous - grassland,Annual Graminoid/Forb,NA,NA,NA,NA
K052,Upland,38.1609,-75.7906,7908,Eastern Cool Temperate Urban Herbaceous,Herb,Developed,Developed-Upland Herbaceous,LF 20: Developed,Herbaceous / Nonvascular-dominated,Herbaceous - grassland,Perennial graminoid,NA,NA,NA,NA
K053,Water,38.812,-76.7083,9191,Northern Atlantic Coastal Plain Fresh and Oligohaline Tidal Marsh,Herb,Riparian,Atlantic Coastal Marsh,LF 50: Tidal Flats and Marshes,Herbaceous / Nonvascular-dominated,Herbaceous - grassland,Perennial graminoid grassland,NA,NA,NA,NA
K053,Sediment,38.8121,-76.7082,9191,Northern Atlantic Coastal Plain Fresh and Oligohaline Tidal Marsh,Herb,Riparian,Atlantic Coastal Marsh,LF 50: Tidal Flats and Marshes,Herbaceous / Nonvascular-dominated,Herbaceous - grassland,Perennial graminoid grassland,NA,NA,NA,NA
K053,Wetland,38.812,-76.708,9191,Northern Atlantic Coastal Plain Fresh and Oligohaline Tidal Marsh,Herb,Riparian,Atlantic Coastal Marsh,LF 50: Tidal Flats and Marshes,Herbaceous / Nonvascular-dominated,Herbaceous - grassland,Perennial graminoid grassland,NA,NA,NA,NA
K053,Transition,38.812,-76.7061,7905,Eastern Cool Temperate Urban Deciduous Forest,Tree,Developed,Developed-Upland Deciduous Forest,LF 20: Developed,Tree-dominated,Open tree canopy,Deciduous open tree canopy,NA,NA,NA,NA
K053,Upland,38.812,-76.7061,7905,Eastern Cool Temperate Urban Deciduous Forest,Tree,Developed,Developed-Upland Deciduous Forest,LF 20: Developed,Tree-dominated,Open tree canopy,Deciduous open tree canopy,NA,NA,NA,NA
K054,Water,38.9677,-75.3703,9195,Northern Atlantic Coastal Plain Riparian and Floodplain Forest,Tree,Riparian,Eastern Small Stream Riparian Forests,SAF 61: River Birch-Sycamore,Tree-dominated,Open tree canopy,Mixed evergreen-deciduous open tree canopy,NA,NA,NA,NA
K054,Sediment,38.9677,-75.3703,9195,Northern Atlantic Coastal Plain Riparian and Floodplain Forest,Tree,Riparian,Eastern Small Stream Riparian Forests,SAF 61: River Birch-Sycamore,Tree-dominated,Open tree canopy,Mixed evergreen-deciduous open tree canopy,NA,NA,NA,NA
K054,Wetland,38.968,-75.37,9195,Northern Atlantic Coastal Plain Riparian and Floodplain Forest,Tree,Riparian,Eastern Small Stream Riparian Forests,SAF 61: River Birch-Sycamore,Tree-dominated,Open tree canopy,Mixed evergreen-deciduous open tree canopy,NA,NA,NA,NA
K054,Transition,38.9681,-75.3698,9195,Northern Atlantic Coastal Plain Riparian and Floodplain Forest,Tree,Riparian,Eastern Small Stream Riparian Forests,SAF 61: River Birch-Sycamore,Tree-dominated,Open tree canopy,Mixed evergreen-deciduous open tree canopy,NA,NA,NA,NA
K054,Upland,38.9683,-75.3697,9195,Northern Atlantic Coastal Plain Riparian and Floodplain Forest,Tree,Riparian,Eastern Small Stream Riparian Forests,SAF 61: River Birch-Sycamore,Tree-dominated,Open tree canopy,Mixed evergreen-deciduous open tree canopy,NA,NA,NA,NA
K055,Water,39.8055,-75.2077,7299,Developed-Roads,Developed,Developed-Roads,Developed-Roads,LF 20: Developed,No Dominant Lifeform,No Dominant Lifeform,Developed,NA,NA,NA,NA
K055,Sediment,39.8055,-75.2077,7299,Developed-Roads,Developed,Developed-Roads,Developed-Roads,LF 20: Developed,No Dominant Lifeform,No Dominant Lifeform,Developed,NA,NA,NA,NA
K055,Upland,39.8057,-75.2103,7324,Northern Atlantic Coastal Plain Hardwood Forest,Tree,Hardwood,Coastal Plain Oak Forest,SAF 52: White Oak-Black Oak-Northern Red Oak,Tree-dominated,Closed tree canopy,Deciduous closed tree canopy,NA,NA,NA,NA
K056,Water,39.1838,-74.8511,9197,Northern Atlantic Coastal Plain Tidal Salt Marsh,Herb,Riparian,Atlantic Coastal Marsh,LF 50: Tidal Flats and Marshes,Herbaceous / Nonvascular-dominated,Herbaceous - grassland,Perennial graminoid grassland,NA,NA,NA,NA
K056,Sediment,39.1838,-74.8511,9197,Northern Atlantic Coastal Plain Tidal Salt Marsh,Herb,Riparian,Atlantic Coastal Marsh,LF 50: Tidal Flats and Marshes,Herbaceous / Nonvascular-dominated,Herbaceous - grassland,Perennial graminoid grassland,NA,NA,NA,NA
K056,Wetland,39.1838,-74.8511,9197,Northern Atlantic Coastal Plain Tidal Salt Marsh,Herb,Riparian,Atlantic Coastal Marsh,LF 50: Tidal Flats and Marshes,Herbaceous / Nonvascular-dominated,Herbaceous - grassland,Perennial graminoid grassland,NA,NA,NA,NA
K056,Transition,39.1836,-74.8517,9197,Northern Atlantic Coastal Plain Tidal Salt Marsh,Herb,Riparian,Atlantic Coastal Marsh,LF 50: Tidal Flats and Marshes,Herbaceous / Nonvascular-dominated,Herbaceous - grassland,Perennial graminoid grassland,NA,NA,NA,NA
K056,Upland,39.1837,-74.8518,9197,Northern Atlantic Coastal Plain Tidal Salt Marsh,Herb,Riparian,Atlantic Coastal Marsh,LF 50: Tidal Flats and Marshes,Herbaceous / Nonvascular-dominated,Herbaceous - grassland,Perennial graminoid grassland,NA,NA,NA,NA
K057,Water,39.1683,-75.5211,7297,Developed-Medium Intensity,Developed,Developed-Medium Intensity,Developed-Medium Intensity,LF 20: Developed,No Dominant Lifeform,No Dominant Lifeform,Developed,NA,NA,NA,NA
K058,Water,39.2576,-75.0905,9197,Northern Atlantic Coastal Plain Tidal Salt Marsh,Herb,Riparian,Atlantic Coastal Marsh,LF 50: Tidal Flats and Marshes,Herbaceous / Nonvascular-dominated,Herbaceous - grassland,Perennial graminoid grassland,NA,NA,NA,NA
K058,Sediment,39.2576,-75.0905,9197,Northern Atlantic Coastal Plain Tidal Salt Marsh,Herb,Riparian,Atlantic Coastal Marsh,LF 50: Tidal Flats and Marshes,Herbaceous / Nonvascular-dominated,Herbaceous - grassland,Perennial graminoid grassland,NA,NA,NA,NA
K058,Wetland,39.2575,-75.0904,9197,Northern Atlantic Coastal Plain Tidal Salt Marsh,Herb,Riparian,Atlantic Coastal Marsh,LF 50: Tidal Flats and Marshes,Herbaceous / Nonvascular-dominated,Herbaceous - grassland,Perennial graminoid grassland,NA,NA,NA,NA
K058,Transition,39.2574,-75.0903,9198,Northern Atlantic Coastal Plain Tidal Swamp,Tree,Riparian,Atlantic Swamp Forests,LF 46: Atlantic Coastal Plain Swamp,Tree-dominated,Open tree canopy,Mixed evergreen-deciduous open tree canopy,NA,NA,NA,NA
K058,Upland,39.3574,-75.0903,7324,Northern Atlantic Coastal Plain Hardwood Forest,Tree,Hardwood,Coastal Plain Oak Forest,SAF 52: White Oak-Black Oak-Northern Red Oak,Tree-dominated,Closed tree canopy,Deciduous closed tree canopy,NA,NA,NA,NA
K059,Water,38.4292,-76.2374,7299,Developed-Roads,Developed,Developed-Roads,Developed-Roads,LF 20: Developed,No Dominant Lifeform,No Dominant Lifeform,Developed,NA,NA,NA,NA
K059,Sediment,38.4292,-76.2374,7299,Developed-Roads,Developed,Developed-Roads,Developed-Roads,LF 20: Developed,No Dominant Lifeform,No Dominant Lifeform,Developed,NA,NA,NA,NA
K059,Wetland,38.4295,-76.2269,9324,Southeastern Ruderal Wet Meadow & Marsh,Herb,Riparian,Introduced Herbaceous Wetland Vegetation,LF 59: Introduced Herbaceous Wetland and Riparian Vegetation,Herbaceous / Nonvascular-dominated,Herbaceous - grassland,Perennial graminoid grassland,NA,NA,NA,NA
K059,Transition,38.4303,-76.2269,9320,Southeastern Native Ruderal Flooded & Swamp Forest,Tree,Riparian,Introduced Woody Wetland Vegetation,LF 58: Introduced Woody Wetlands and Riparian Vegetation,Tree-dominated,Open tree canopy,Mixed evergreen-deciduous open tree canopy,NA,NA,NA,NA
K059,Upland,38.4305,-76.2265,9188,Northern Atlantic Coastal Plain Basin Swamp and Wet Hardwood Forest,Tree,Riparian,Atlantic Swamp Forests,LF 46: Atlantic Coastal Plain Swamp,Tree-dominated,Open tree canopy,Mixed evergreen-deciduous open tree canopy,NA,NA,NA,NA
K060,Water,39.3259,-75.4749,7248,Northern Atlantic Coastal Plain Dune and Swale Grassland,Herb,Grassland,Atlantic Dunes and Grasslands,LF 57: Dunes and Maritime Grasslands,Herbaceous / Nonvascular-dominated,Herbaceous - grassland,Perennial graminoid grassland,NA,NA,NA,NA
K060,Sediment,39.325,-75.479,9324,Southeastern Ruderal Wet Meadow & Marsh,Herb,Riparian,Introduced Herbaceous Wetland Vegetation,LF 59: Introduced Herbaceous Wetland and Riparian Vegetation,Herbaceous / Nonvascular-dominated,Herbaceous - grassland,Perennial graminoid grassland,NA,NA,NA,NA
K060,Wetland,39.3123,-75.4961,7296,Developed-Low Intensity,Developed,Developed-Low Intensity,Developed-Low Intensity,LF 20: Developed,No Dominant Lifeform,No Dominant Lifeform,Developed,NA,NA,NA,NA
K061,Water,39.2157,-75.4618,9197,Northern Atlantic Coastal Plain Tidal Salt Marsh,Herb,Riparian,Atlantic Coastal Marsh,LF 50: Tidal Flats and Marshes,Herbaceous / Nonvascular-dominated,Herbaceous - grassland,Perennial graminoid grassland,NA,NA,NA,NA
K061,Sediment,39.2157,-75.4618,9197,Northern Atlantic Coastal Plain Tidal Salt Marsh,Herb,Riparian,Atlantic Coastal Marsh,LF 50: Tidal Flats and Marshes,Herbaceous / Nonvascular-dominated,Herbaceous - grassland,Perennial graminoid grassland,NA,NA,NA,NA
K061,Wetland,39.2153,-75.4609,9197,Northern Atlantic Coastal Plain Tidal Salt Marsh,Herb,Riparian,Atlantic Coastal Marsh,LF 50: Tidal Flats and Marshes,Herbaceous / Nonvascular-dominated,Herbaceous - grassland,Perennial graminoid grassland,NA,NA,NA,NA
K061,Transition,39.2152,-75.4607,7974,Eastern Cool Temperate Row Crop,Agriculture,Agricultural,Agricultural-Row Crop,LF 80: Agriculture,Herbaceous / Nonvascular-dominated,Herbaceous - grassland,Annual Graminoid/Forb,NA,NA,NA,NA
K061,Upland,39.2151,-75.4605,7974,Eastern Cool Temperate Row Crop,Agriculture,Agricultural,Agricultural-Row Crop,LF 80: Agriculture,Herbaceous / Nonvascular-dominated,Herbaceous - grassland,Annual Graminoid/Forb,NA,NA,NA,NA
K062,Water,38.8753,-76.5513,7292,Open Water,Water,Open Water,Open Water,LF 11: Water,Non-vegetated,Non-vegetated,Non-vegetated,NA,NA,NA,NA
K062,Sediment,38.8753,-76.5513,7292,Open Water,Water,Open Water,Open Water,LF 11: Water,Non-vegetated,Non-vegetated,Non-vegetated,NA,NA,NA,NA
K062,Wetland,38.8751,-76.5515,9197,Northern Atlantic Coastal Plain Tidal Salt Marsh,Herb,Riparian,Atlantic Coastal Marsh,LF 50: Tidal Flats and Marshes,Herbaceous / Nonvascular-dominated,Herbaceous - grassland,Perennial graminoid grassland,NA,NA,NA,NA
K062,Transition,38.8747,-76.5516,7324,Northern Atlantic Coastal Plain Hardwood Forest,Tree,Hardwood,Coastal Plain Oak Forest,SAF 52: White Oak-Black Oak-Northern Red Oak,Tree-dominated,Closed tree canopy,Deciduous closed tree canopy,NA,NA,NA,NA
K062,Upland,38.8743,-76.5515,7324,Northern Atlantic Coastal Plain Hardwood Forest,Tree,Hardwood,Coastal Plain Oak Forest,SAF 52: White Oak-Black Oak-Northern Red Oak,Tree-dominated,Closed tree canopy,Deciduous closed tree canopy,NA,NA,NA,NA
